query,output,timestamp
"C++ programming tutorial
","ğŸ”¹ **Learn Matplotlib in 1 hour! ğŸ“Š**  
â­ Similarity: 0.311  
â–¶ï¸ https://www.youtube.com/watch?v=c9vhHUGdav0

---

ğŸ”¹ **Learn binary in 01000000 seconds #coding #computerscience #programming**  
â­ Similarity: 0.245  
â–¶ï¸ https://www.youtube.com/watch?v=tg5Wv9Ba1lI

---

ğŸ”¹ **Learn NumPy data types in 8 minutes! ğŸ’±**  
â­ Similarity: 0.236  
â–¶ï¸ https://www.youtube.com/watch?v=fPopFeqw5sk

---

ğŸ”¹ **Build a music player with Python! ğŸ¶**  
â­ Similarity: 0.209  
â–¶ï¸ https://www.youtube.com/watch?v=xf71dRBRP6o

---

ğŸ”¹ **Learn Python iterators in 7 minutes! â¡ï¸**  
â­ Similarity: 0.207  
â–¶ï¸ https://www.youtube.com/watch?v=k0D3MQwLn7A

---",2025-12-29 20:28:27.719584
