video_id,title,published_at
WJ8iTQpNxZA,Spherical Coordinate System Explained | Electromagnetic Theory,2026-01-04T05:06:29Z
c_uhZ-yl-Rs,Cylindrical Coordinate System Explained | Cartesian to Cylindrical Vector Conversion Explained,2025-12-25T18:51:09Z
QiJYv4hHcLY,What is Virtual Ground in Op-Amp ? Why Virtual Ground Concept exist in Op-Amp?,2025-12-09T17:52:45Z
Fk49H5xS_h0,Interesting thing about XOR and XNOR gates you should know !! #digitalelectronics,2025-11-30T16:38:52Z
tWyPuCbYLUg,"Solved Problems on Vectors, Vector Algebra and Vector Fields | Electromagnetic Theory",2025-11-06T15:10:54Z
jGoVQ6tDE3M,Vector Algebra | Vector Addition and Subtraction | Concept of Vector Fields,2025-11-01T05:30:07Z
FsS-FUdS4J4,Introduction to Electromagnetic Theory,2025-10-12T14:46:29Z
0LSH-xH5LN4,What is PCB Vias ? Types of Vias in PCB. #pcb #allaboutelectronics,2025-10-04T18:06:26Z
Gu9M1auKVsk,Different Operating Regions of BJT #allaboutelectronics #bjt,2025-10-02T16:06:43Z
XeZtJwiF4Oc,PCB Explained | What is PCB ? Types of PCB | Fabrication process of PCB Explained,2025-09-22T10:41:15Z
GHQ8vbOZMnI,What is Zero PCB ? Why it is used? How Zero PCB is made ? #pcbs,2025-09-09T17:03:45Z
zQfhn1jyePY,How Schottky Diode is Different from Normal Diode? #allaboutelectronics,2025-09-02T19:06:10Z
6UrTvTjGR4Q,"Different IC Packages Explained | DIP, SOIC, QFP, QFN and BGA Packages Explained",2025-08-21T15:20:30Z
1WMSB1Nl9VA,Zener Diode Solved Problems | Line and Load Regulation in Zener Diode as Voltage Regulators,2025-07-31T07:03:04Z
ztDimUBc2dU,4 to 20 mA Standard Explained | Advantages of 4 to 20 mA Standard,2025-06-21T07:31:28Z
Hs1augUS2bQ,BJT Cascode Amplifier Explained | Small-signal analysis of Cascode Amplifier,2025-06-01T18:50:19Z
_g9j94XPnpQ,How PLC is different from Microcontroller | PLC vs Microcontroller,2025-05-18T04:29:33Z
8OGncimlICw,What is Sample and Hold ?  Sample and Hold Explained,2025-04-28T19:08:16Z
AFg16GGRyME,BiCMOS Logic Gates Explained | BiCMOS NAND gate and NOR gates,2025-04-12T19:13:07Z
UHy056cC9gg,What is Diode Connected Transistor? #allaboutelectronics,2025-04-02T18:09:12Z
zx8BVBos2kA,What is PECL and LVPECL logic ? #allaboutelectronics,2025-03-20T17:13:40Z
gZdgOcE9FN0,ECL Logic Explained | ECL OR and NOR gate explained,2025-03-10T17:42:20Z
h2dRSxNb4to,Why do LEDs emit Light while Diodes do not ?#led #diode,2025-02-24T18:31:18Z
UinhkuseB2Y,"TTL Sub Families | Schottky TTL (74 S series), Low Power Schottky TTL (74 LS) Explained",2025-02-15T17:44:15Z
OF5QgmKb6f8,TTL Open Collector gates and Tri-State TTL gates Explained,2025-02-01T07:32:42Z
sDn2hi5ndCA,TTL Logic: TTL NAND and NOR gates Explained,2025-01-23T18:15:35Z
O5M2osASIQA,Why TTL logic gates have Totem Pole output stage ? #digitalelectronics,2025-01-18T05:17:19Z
I74vWLGif_o,TTL Logic Explained | TTL Inverter Circuit | Noise Margin and Fanout of TTL Circuits,2025-01-12T18:00:06Z
30KLkeL0_DY,Series Resonance Vs Parallel Resonance #resonance,2025-01-02T17:36:55Z
YUHeZ8QWTVo,Booth&#39;s Algorithm for Multiplication Explained (with Examples),2024-12-24T05:56:57Z
T18TmFTCDWQ,How to Generate 90 Degree Phase Shifted Signals using Flip-Flop ? | Digital Electronics,2024-12-05T04:58:11Z
-5N1FY8EC_8,Serial Binary Multiplier / Sequential Binary Multiplier (using Add and Shift Method),2024-11-16T17:39:01Z
GjmiiLzDzHI,Difference Between Arithmetic Shift and Logical Shift Operation #digitalelectronics,2024-11-03T17:38:38Z
mhHwA_f4qpc,Serial Adder Explained (Digital Electronics),2024-10-27T15:12:00Z
3MxPIunl2wY,Feedback Amplifier: Phase Margin and Frequency Compensation in Feedback Amplifiers,2024-10-20T17:09:32Z
CDmDXRGjbIU,Stability in Feedback Amplifier Explained | Stability Analysis using Bode Plot,2024-09-30T05:46:10Z
A_LFVBWYZME,Karnaugh Map (K-map) Rules for Simplification Explained,2024-09-14T14:08:33Z
i9kyBz3K9i4,Voltage Divider Rule for Capacitors Explained,2024-09-04T06:08:00Z
OnbuLh2h-nw,Current Shunt Feedback Amplifier Explained | Feedback Amplifier,2024-08-26T17:58:25Z
sp_z2poAH8I,Current Series Feedback Amplifier Explained | Feedback Amplifier,2024-08-18T14:17:26Z
yyF-V5ZpAZg,Voltage Shunt Feedback Amplifier Explained | Feedback Amplifier,2024-08-12T16:23:55Z
uJUwQggpQPo,Identify the Feedback Topology | Feedback Amplifier,2024-08-06T15:36:54Z
IuMlSU-D6lw,Voltage Series Feedback Amplifier Explained | Feedback Amplifier,2024-08-02T06:56:37Z
VcHmE8rKHXA,Input Bias Current in Operational Amplifiers #opamp,2024-07-27T03:35:20Z
OoNluE5RLNg,Feedback Topologies in Amplifier Explained | Feedback Amplifier,2024-07-22T05:28:22Z
HLnOESI1eps,Feedback Amplifier : Effect of Negative Feedback on Amplifier Characteristics,2024-07-15T17:30:09Z
__8f6AXenYo,Introduction to Feedback Amplifier | The concept of Negative Feedback and its advantages,2024-07-07T17:37:59Z
GlnFwmUl8yk,What is Thermistor ? Types of Thermistors | Applications of Thermistor Explained,2024-06-26T16:45:10Z
zkPHaP_AcKM,"Types of Crystal Oscillators Explained | TCXO, OCXO, VCXO Explained",2024-06-09T04:38:37Z
cCBu2VN0fu0,What is Real Time Clock (RTC)? How RTC works? Applications of Real Time Clock,2024-05-21T17:49:37Z
